DAY_OF_MONTH,DAY_OF_WEEK,OP_CARRIER_AIRLINE_ID,ORIGIN_AIRPORT_ID,DEST_AIRPORT_ID,DEP_TIME,DEP_DEL15,ARR_TIME,ARR_DEL15,DIVERTED,DISTANCE
1,3,20366,13930,11977,1003.0,0.0,1117.0,0.0,0.0,174.0
1,3,20366,15370,13930,1027.0,0.0,1216.0,0.0,0.0,585.0
1,3,20366,11618,15412,1848.0,0.0,2120.0,0.0,0.0,631.0
1,3,20366,10781,12266,1846.0,0.0,2004.0,0.0,0.0,253.0
1,3,20366,14524,12266,1038.0,0.0,1330.0,0.0,0.0,1157.0
1,3,20366,13871,12266,555.0,0.0,838.0,0.0,0.0,781.0
1,3,20366,12266,14814,1610.0,0.0,1718.0,0.0,0.0,192.0
1,3,20366,12266,12206,1415.0,0.0,1531.0,0.0,0.0,295.0
1,3,20366,13930,10140,1938.0,0.0,2204.0,0.0,0.0,1118.0
1,3,20366,11618,13485,1011.0,0.0,1139.0,0.0,0.0,799.0
1,3,20366,11278,13930,1306.0,1.0,1404.0,1.0,0.0,612.0
1,3,20366,11278,13930,1843.0,0.0,1945.0,0.0,0.0,612.0
1,3,20366,12266,12451,735.0,0.0,1039.0,0.0,0.0,817.0
1,3,20366,11140,12266,1847.0,0.0,1941.0,0.0,0.0,201.0
1,3,20366,11618,10785,1441.0,0.0,1557.0,0.0,0.0,266.0
1,3,20366,12266,13158,1440.0,0.0,1616.0,0.0,0.0,429.0
1,3,20366,12266,11049,2148.0,0.0,2224.0,0.0,0.0,74.0
1,3,20366,12266,10747,2133.0,0.0,2250.0,0.0,0.0,308.0
1,3,20366,12953,12266,1554.0,0.0,1928.0,1.0,0.0,1416.0
1,3,20366,12266,10781,940.0,0.0,1047.0,0.0,0.0,253.0
1,3,20366,12266,11140,1837.0,0.0,1947.0,0.0,0.0,201.0
1,3,20366,13158,12266,1700.0,0.0,1835.0,0.0,0.0,429.0
1,3,20366,12266,10781,2032.0,1.0,2130.0,1.0,0.0,253.0
1,3,20366,13851,12266,1705.0,0.0,1838.0,0.0,0.0,395.0
1,3,20366,12951,12266,1150.0,0.0,1301.0,0.0,0.0,201.0
1,3,20366,12266,13377,2120.0,0.0,2225.0,0.0,0.0,262.0
1,3,20366,12451,12266,1915.0,1.0,2052.0,0.0,0.0,817.0
1,3,20366,12266,15624,1820.0,0.0,2000.0,0.0,0.0,528.0
1,3,20366,11109,12266,1211.0,0.0,1536.0,0.0,0.0,809.0
1,3,20366,14696,13930,1251.0,1.0,1231.0,1.0,0.0,84.0
1,3,20366,12266,14524,1815.0,0.0,2149.0,0.0,0.0,1157.0
1,3,20366,14685,11618,1851.0,0.0,2107.0,0.0,0.0,708.0
1,3,20366,13930,11278,850.0,1.0,1234.0,1.0,0.0,612.0
1,3,20366,15412,11618,659.0,0.0,852.0,0.0,0.0,631.0
1,3,20366,11540,12266,1352.0,0.0,1703.0,0.0,0.0,667.0
1,3,20366,12266,10693,1415.0,0.0,1555.0,0.0,0.0,657.0
1,3,20366,12266,11540,1205.0,0.0,1323.0,0.0,0.0,667.0
1,3,20366,12953,11042,1059.0,0.0,1231.0,0.0,0.0,419.0
1,3,20366,12451,11618,1124.0,0.0,1342.0,0.0,0.0,820.0
1,3,20366,11193,13930,847.0,0.0,935.0,1.0,0.0,264.0
1,3,20366,13930,11278,1009.0,0.0,1313.0,0.0,0.0,612.0
1,3,20366,13931,13930,729.0,0.0,918.0,1.0,0.0,717.0
1,3,20366,13930,14783,1556.0,0.0,1731.0,0.0,0.0,438.0
1,3,20366,13930,11278,1042.0,1.0,1340.0,1.0,0.0,612.0
1,3,20366,12266,12896,1912.0,1.0,2050.0,1.0,0.0,458.0
1,3,20366,13198,12266,1816.0,0.0,2026.0,0.0,0.0,643.0
1,3,20366,10781,12266,1157.0,0.0,1319.0,0.0,0.0,253.0
1,3,20366,11618,11193,1156.0,0.0,1354.0,0.0,0.0,569.0
1,3,20366,11618,11996,2142.0,0.0,2342.0,0.0,0.0,594.0
1,3,20366,10747,12266,726.0,0.0,840.0,0.0,0.0,308.0
1,3,20366,11140,12266,1414.0,0.0,1505.0,0.0,0.0,201.0
1,3,20366,13930,14576,1753.0,0.0,2035.0,0.0,0.0,528.0
1,3,20366,12951,12266,926.0,0.0,1027.0,0.0,0.0,201.0
1,3,20366,14492,11618,908.0,0.0,1048.0,0.0,0.0,416.0
1,3,20366,12266,10185,1935.0,0.0,2030.0,0.0,0.0,190.0
1,3,20366,12945,12266,1627.0,0.0,1834.0,0.0,0.0,828.0
1,3,20366,11618,11278,1555.0,1.0,1724.0,1.0,0.0,199.0
1,3,20366,11982,12266,1200.0,0.0,1251.0,0.0,0.0,166.0
1,3,20366,13930,11193,1828.0,0.0,2035.0,0.0,0.0,264.0
1,3,20366,11278,13930,940.0,0.0,1051.0,0.0,0.0,612.0
1,3,20366,13377,12266,515.0,0.0,652.0,0.0,0.0,262.0
1,3,20366,10431,11618,1041.0,0.0,1229.0,0.0,0.0,583.0
1,3,20366,14685,13930,1023.0,0.0,1155.0,0.0,0.0,773.0
1,3,20366,14122,11618,1223.0,0.0,1415.0,0.0,0.0,319.0
1,3,20366,11193,11618,1249.0,0.0,1449.0,0.0,0.0,569.0
1,3,20366,12266,15624,1219.0,0.0,1403.0,0.0,0.0,528.0
1,3,20366,11618,10874,2053.0,0.0,2223.0,0.0,0.0,382.0
1,3,20366,11057,11618,1950.0,1.0,2132.0,1.0,0.0,529.0
1,3,20366,11973,12266,1150.0,0.0,1340.0,0.0,0.0,376.0
1,3,20366,13930,14576,858.0,0.0,1203.0,0.0,0.0,528.0
1,3,20366,11618,10693,1557.0,0.0,1731.0,0.0,0.0,748.0
1,3,20366,11042,12953,844.0,0.0,1014.0,0.0,0.0,419.0
1,3,20366,11057,11618,1245.0,0.0,1433.0,0.0,0.0,529.0
1,3,20366,12448,12266,1358.0,0.0,1537.0,0.0,0.0,351.0
1,3,20366,11618,11433,1131.0,0.0,1325.0,0.0,0.0,488.0
1,3,20366,11624,13930,1617.0,0.0,1845.0,0.0,0.0,1251.0
1,3,20366,10693,11618,1715.0,0.0,2109.0,1.0,0.0,748.0
1,3,20366,12266,11140,1008.0,0.0,1115.0,0.0,0.0,201.0
1,3,20366,12266,12992,1447.0,0.0,1601.0,0.0,0.0,374.0
1,3,20366,12896,12266,1301.0,0.0,1431.0,0.0,0.0,458.0
1,3,20366,13930,10874,1125.0,0.0,1346.0,0.0,0.0,343.0
1,3,20366,13930,12339,1421.0,0.0,1626.0,0.0,0.0,177.0
1,3,20366,13930,11577,1010.0,1.0,1258.0,1.0,0.0,398.0
1,3,20366,12266,13244,1157.0,0.0,1329.0,0.0,0.0,468.0
1,3,20366,13930,15016,1120.0,0.0,1241.0,0.0,0.0,258.0
1,3,20366,12266,10279,1826.0,0.0,2014.0,0.0,0.0,517.0
1,3,20366,11057,11618,1740.0,0.0,1953.0,0.0,0.0,529.0
1,3,20366,12266,14122,931.0,0.0,1317.0,0.0,0.0,1117.0
1,3,20366,11618,14307,1458.0,0.0,1558.0,0.0,0.0,160.0
1,3,20366,11577,13930,1652.0,0.0,1727.0,0.0,0.0,398.0
1,3,20366,11140,12266,934.0,0.0,1034.0,0.0,0.0,201.0
1,3,20366,14783,13930,1822.0,0.0,2005.0,0.0,0.0,438.0
1,3,20366,11057,13930,759.0,0.0,949.0,1.0,0.0,599.0
1,3,20366,13930,11624,1119.0,0.0,1524.0,0.0,0.0,1251.0
1,3,20366,11278,13930,1405.0,1.0,1505.0,1.0,0.0,612.0
1,3,20366,11995,11618,1222.0,0.0,1421.0,0.0,0.0,445.0
1,3,20366,14576,13930,925.0,0.0,1021.0,0.0,0.0,528.0
1,3,20366,12266,12278,1224.0,0.0,1403.0,0.0,0.0,542.0
1,3,20366,11618,10431,752.0,0.0,954.0,0.0,0.0,583.0
1,3,20366,12339,12266,1653.0,0.0,1855.0,0.0,0.0,844.0
1,3,20366,13930,11577,1402.0,0.0,1623.0,0.0,0.0,398.0
1,3,20366,11278,13930,1739.0,0.0,1900.0,0.0,0.0,612.0
1,3,20366,13930,15370,1446.0,1.0,1637.0,1.0,0.0,585.0
1,3,20366,12915,12266,1210.0,0.0,1302.0,0.0,0.0,127.0
1,3,20366,11618,10693,1401.0,0.0,1532.0,0.0,0.0,748.0
1,3,20366,13930,11193,922.0,0.0,1136.0,0.0,0.0,264.0
1,3,20366,11042,11278,1322.0,0.0,1435.0,0.0,0.0,310.0
1,3,20366,12266,11049,1429.0,0.0,1517.0,0.0,0.0,74.0
1,3,20366,13930,10785,1354.0,0.0,1658.0,0.0,0.0,763.0
1,3,20366,13930,12094,1028.0,1.0,1257.0,1.0,0.0,1009.0
1,3,20366,10785,11618,1751.0,0.0,1904.0,0.0,0.0,266.0
1,3,20366,12266,12896,1438.0,0.0,1614.0,0.0,0.0,458.0
1,3,20366,11618,11057,1455.0,0.0,1655.0,0.0,0.0,529.0
1,3,20366,11618,14524,1510.0,0.0,1630.0,0.0,0.0,277.0
1,3,20366,10792,11618,1119.0,0.0,1240.0,0.0,0.0,282.0
1,3,20366,11433,11618,1432.0,0.0,1611.0,0.0,0.0,488.0
1,3,20366,11996,13930,930.0,0.0,1034.0,0.0,0.0,577.0
1,3,20366,11973,12266,852.0,0.0,1018.0,0.0,0.0,376.0
1,3,20366,13930,11540,1947.0,0.0,2225.0,0.0,0.0,1236.0
1,3,20366,12266,12945,1201.0,0.0,1458.0,0.0,0.0,828.0
1,3,20366,12266,11042,1428.0,0.0,1753.0,0.0,0.0,1091.0
1,3,20366,11775,13930,610.0,0.0,821.0,0.0,0.0,463.0
1,3,20366,11433,13930,1414.0,0.0,1435.0,0.0,0.0,235.0
1,3,20366,13930,13244,1242.0,0.0,1430.0,0.0,0.0,491.0
1,3,20366,13930,11042,1539.0,0.0,1759.0,0.0,0.0,315.0
1,3,20366,13930,15412,2118.0,0.0,2345.0,0.0,0.0,475.0
1,3,20366,12266,13256,1630.0,0.0,1751.0,0.0,0.0,316.0
1,3,20366,12266,12206,1633.0,0.0,1752.0,0.0,0.0,295.0
1,3,20366,13422,12266,1132.0,0.0,1343.0,1.0,0.0,427.0
1,3,20366,12266,11193,1624.0,0.0,1940.0,0.0,0.0,871.0
1,3,20366,11618,14524,1028.0,0.0,1216.0,1.0,0.0,277.0
1,3,20366,11618,11057,943.0,0.0,1159.0,0.0,0.0,529.0
1,3,20366,12206,12266,1600.0,0.0,1705.0,0.0,0.0,295.0
1,3,20366,12266,11140,1213.0,0.0,1327.0,0.0,0.0,201.0
1,3,20366,11540,13930,621.0,0.0,1044.0,0.0,0.0,1236.0
1,3,20366,13244,12266,1508.0,0.0,1703.0,0.0,0.0,468.0
1,3,20366,11618,11057,1650.0,0.0,1909.0,0.0,0.0,529.0
1,3,20366,12266,11973,2130.0,0.0,2240.0,0.0,0.0,376.0
1,3,20366,11618,12339,1403.0,0.0,1621.0,0.0,0.0,645.0
1,3,20366,13930,14524,2102.0,0.0,2.0,0.0,0.0,642.0
1,3,20366,12266,13256,1440.0,0.0,1601.0,0.0,0.0,316.0
1,3,20366,11618,11066,1404.0,0.0,1552.0,0.0,0.0,463.0
1,3,20366,12266,10747,956.0,0.0,1126.0,0.0,0.0,308.0
1,3,20366,13930,14685,1515.0,1.0,1828.0,1.0,0.0,773.0
1,3,20366,11433,11618,1157.0,0.0,1323.0,0.0,0.0,488.0
1,3,20366,11618,10792,823.0,0.0,954.0,0.0,0.0,282.0
1,3,20366,11618,11066,1712.0,0.0,1911.0,0.0,0.0,463.0
1,3,20366,12266,11973,1945.0,0.0,2102.0,0.0,0.0,376.0
1,3,20366,12339,13930,1649.0,0.0,1651.0,0.0,0.0,177.0
1,3,20366,12266,13256,1154.0,0.0,1313.0,0.0,0.0,316.0
1,3,20366,12266,11140,1616.0,0.0,1734.0,0.0,0.0,201.0
1,3,20366,15370,12266,1139.0,0.0,1324.0,0.0,0.0,429.0
1,3,20366,15016,12266,840.0,0.0,1105.0,0.0,0.0,667.0
1,3,20366,11066,13930,1625.0,0.0,1646.0,0.0,0.0,296.0
1,3,20366,14576,11618,1227.0,0.0,1342.0,0.0,0.0,246.0
1,3,20366,10874,11618,1428.0,0.0,1602.0,0.0,0.0,382.0
1,3,20366,11618,14524,1954.0,0.0,2112.0,0.0,0.0,277.0
1,3,20366,12266,11193,723.0,0.0,1029.0,0.0,0.0,871.0
1,3,20366,12339,12266,1523.0,0.0,1727.0,0.0,0.0,844.0
1,3,20366,15412,12266,728.0,0.0,923.0,1.0,0.0,771.0
1,3,20366,12266,13502,1216.0,0.0,1411.0,0.0,0.0,927.0
1,3,20366,13930,11996,821.0,0.0,1108.0,0.0,0.0,577.0
1,3,20366,12266,11982,955.0,0.0,1052.0,0.0,0.0,166.0
1,3,20366,10994,13930,1642.0,0.0,1803.0,0.0,0.0,760.0
1,3,20366,14814,12266,1749.0,0.0,1910.0,0.0,0.0,192.0
1,3,20366,12266,15370,1827.0,0.0,1959.0,0.0,0.0,429.0
1,3,20366,13256,12266,1711.0,0.0,1828.0,0.0,0.0,316.0
1,3,20366,13256,12266,1407.0,0.0,1517.0,0.0,0.0,316.0
1,3,20366,11042,12266,1110.0,0.0,1344.0,0.0,0.0,1091.0
1,3,20366,12266,12448,1202.0,0.0,1330.0,0.0,0.0,351.0
1,3,20366,12266,10781,1628.0,0.0,1723.0,0.0,0.0,253.0
1,3,20366,12278,12266,1120.0,0.0,1311.0,0.0,0.0,542.0
1,3,20366,13487,13930,1257.0,0.0,1429.0,0.0,0.0,334.0
1,3,20366,12094,13930,1326.0,1.0,1750.0,1.0,0.0,1009.0
1,3,20366,13930,11042,1239.0,0.0,1455.0,0.0,0.0,315.0
1,3,20366,12217,13930,804.0,0.0,1045.0,1.0,0.0,510.0
1,3,20366,12266,10693,1156.0,0.0,1339.0,0.0,0.0,657.0
1,3,20366,11977,13930,1152.0,0.0,1255.0,0.0,0.0,174.0
1,3,20366,11986,11618,1819.0,0.0,2007.0,0.0,0.0,605.0
1,3,20366,12266,12951,1820.0,0.0,1913.0,0.0,0.0,201.0
1,3,20366,12278,12266,1506.0,0.0,1700.0,0.0,0.0,542.0
1,3,20366,13930,13198,1248.0,0.0,1419.0,0.0,0.0,403.0
1,3,20366,11066,11618,1951.0,0.0,2126.0,0.0,0.0,463.0
1,3,20366,15624,12266,1440.0,0.0,1650.0,0.0,0.0,528.0
1,3,20366,11996,11618,1154.0,0.0,1339.0,0.0,0.0,594.0
1,3,20366,12451,12266,912.0,0.0,1050.0,0.0,0.0,817.0
1,3,20366,12266,10140,1439.0,0.0,1553.0,0.0,0.0,744.0
1,3,20366,14683,12266,1411.0,0.0,1507.0,0.0,0.0,191.0
1,3,20366,12266,14814,1206.0,0.0,1306.0,0.0,0.0,192.0
1,3,20366,10693,12266,1608.0,0.0,1850.0,0.0,0.0,657.0
1,3,20366,11278,11042,1548.0,0.0,1702.0,0.0,0.0,310.0
1,3,20366,12206,12266,1844.0,0.0,1952.0,0.0,0.0,295.0
1,3,20366,12266,12278,1941.0,0.0,2124.0,0.0,0.0,542.0
1,3,20366,12266,12951,958.0,0.0,1054.0,0.0,0.0,201.0
1,3,20366,14524,11618,1006.0,0.0,1123.0,0.0,0.0,277.0
1,3,20366,13930,12945,2112.0,0.0,2327.0,0.0,0.0,323.0
1,3,20366,13930,12339,1256.0,0.0,1455.0,0.0,0.0,177.0
1,3,20366,12448,12266,918.0,0.0,1058.0,0.0,0.0,351.0
1,3,20366,13930,13871,2012.0,1.0,2147.0,0.0,0.0,416.0
1,3,20366,14524,13930,1252.0,1.0,1430.0,1.0,0.0,642.0
1,3,20366,12266,11481,1944.0,0.0,2115.0,0.0,0.0,572.0
1,3,20366,12266,13422,937.0,0.0,1057.0,0.0,0.0,427.0
1,3,20366,12266,13377,1412.0,0.0,1510.0,0.0,0.0,262.0
1,3,20366,11042,13930,1909.0,0.0,1951.0,0.0,0.0,315.0
1,3,20366,14193,12266,907.0,0.0,1055.0,0.0,0.0,489.0
1,3,20366,12266,13198,1206.0,0.0,1403.0,0.0,0.0,643.0
1,3,20366,12339,11618,1555.0,0.0,1751.0,0.0,0.0,645.0
1,3,20366,13930,12278,1946.0,0.0,2143.0,0.0,0.0,588.0
1,3,20366,12266,12951,1627.0,0.0,1722.0,0.0,0.0,201.0
1,3,20366,14524,13930,1706.0,0.0,1813.0,0.0,0.0,642.0
1,3,20366,11146,13930,811.0,0.0,846.0,0.0,0.0,416.0
1,3,20366,11140,12266,1207.0,0.0,1259.0,0.0,0.0,201.0
1,3,20366,11618,11057,2140.0,0.0,2335.0,0.0,0.0,529.0
1,3,20366,10747,12266,1153.0,0.0,1307.0,0.0,0.0,308.0
1,3,20366,14321,13930,1620.0,0.0,1805.0,0.0,0.0,900.0
1,3,20366,12992,12266,1651.0,0.0,1838.0,0.0,0.0,374.0
1,3,20366,10693,12266,1111.0,0.0,1352.0,0.0,0.0,657.0
1,3,20366,10785,13930,1640.0,0.0,1814.0,0.0,0.0,763.0
1,3,20366,12266,13487,932.0,0.0,1217.0,0.0,0.0,1034.0
1,3,20366,11049,12266,1606.0,0.0,1645.0,0.0,0.0,74.0
1,3,20366,12266,13851,1412.0,0.0,1533.0,0.0,0.0,395.0
1,3,20366,13930,12451,1532.0,1.0,1841.0,1.0,0.0,864.0
1,3,20366,12896,12266,1842.0,1.0,2017.0,1.0,0.0,458.0
1,3,20366,12266,12953,1000.0,0.0,1429.0,0.0,0.0,1416.0
1,3,20366,13495,12266,705.0,0.0,822.0,0.0,0.0,305.0
1,3,20366,11618,13931,1122.0,0.0,1232.0,0.0,0.0,284.0
1,3,20366,14683,12266,1603.0,0.0,1649.0,0.0,0.0,191.0
1,3,20366,10781,12266,1550.0,0.0,1712.0,0.0,0.0,253.0
1,3,20366,12266,15016,1828.0,0.0,2027.0,0.0,0.0,667.0
1,3,20366,13198,13930,1515.0,0.0,1649.0,0.0,0.0,403.0
1,3,20366,12266,13061,1418.0,0.0,1543.0,0.0,0.0,301.0
1,3,20366,12266,13422,1937.0,0.0,2047.0,0.0,0.0,427.0
1,3,20366,13930,15412,1746.0,0.0,2016.0,0.0,0.0,475.0
1,3,20366,10279,12266,1149.0,0.0,1324.0,0.0,0.0,517.0
1,3,20366,12266,14814,2132.0,0.0,2223.0,0.0,0.0,192.0
1,3,20366,15016,12266,1818.0,0.0,2039.0,0.0,0.0,667.0
1,3,20366,15016,12266,1518.0,1.0,1749.0,1.0,0.0,667.0
1,3,20366,12266,12339,1149.0,0.0,1505.0,0.0,0.0,844.0
1,3,20366,12266,12915,1011.0,0.0,1057.0,0.0,0.0,127.0
1,3,20366,11066,11618,1213.0,0.0,1413.0,0.0,0.0,463.0
1,3,20366,12266,10747,1812.0,0.0,1939.0,0.0,0.0,308.0
1,3,20366,10140,12266,1700.0,0.0,2013.0,0.0,0.0,744.0
1,3,20366,15370,12266,1651.0,0.0,1846.0,0.0,0.0,429.0
1,3,20366,13871,13930,857.0,0.0,1053.0,0.0,0.0,416.0
1,3,20366,11618,13931,2054.0,0.0,2215.0,0.0,0.0,284.0
1,3,20366,13931,11618,1338.0,0.0,1505.0,0.0,0.0,284.0
1,3,20366,11193,12266,2024.0,1.0,2225.0,1.0,0.0,871.0
1,3,20366,12266,11973,946.0,0.0,1105.0,0.0,0.0,376.0
1,3,20366,13930,13931,1801.0,0.0,2109.0,0.0,0.0,717.0
1,3,20366,11618,11433,553.0,0.0,752.0,0.0,0.0,488.0
1,3,20366,13061,12266,718.0,0.0,825.0,0.0,0.0,301.0
1,3,20366,13198,12266,1450.0,0.0,1708.0,0.0,0.0,643.0
1,3,20366,13244,13930,1417.0,0.0,1600.0,0.0,0.0,491.0
1,3,20366,13502,12266,1503.0,0.0,1843.0,0.0,0.0,927.0
1,3,20366,15370,12266,1700.0,1.0,1842.0,1.0,0.0,429.0
1,3,20366,13930,12953,1557.0,0.0,1907.0,0.0,0.0,733.0
1,3,20366,11618,14685,1412.0,0.0,1651.0,0.0,0.0,708.0
1,3,20366,12266,11433,955.0,0.0,1329.0,0.0,0.0,1075.0
1,3,20366,13930,10693,1950.0,0.0,2128.0,0.0,0.0,409.0
1,3,20366,13256,12266,928.0,0.0,1038.0,0.0,0.0,316.0
1,3,20366,13930,11986,1531.0,0.0,1728.0,0.0,0.0,137.0
1,3,20366,12951,12266,1854.0,0.0,2008.0,0.0,0.0,201.0
1,3,20366,12266,14683,1217.0,0.0,1319.0,0.0,0.0,191.0
1,3,20366,15624,12266,848.0,0.0,1100.0,0.0,0.0,528.0
1,3,20366,11193,12266,1652.0,0.0,1852.0,0.0,0.0,871.0
1,3,20366,11057,11618,830.0,0.0,1033.0,0.0,0.0,529.0
1,3,20366,13487,12266,1027.0,0.0,1330.0,0.0,0.0,1034.0
1,3,20366,12266,12915,2135.0,0.0,2219.0,0.0,0.0,127.0
1,3,20366,12266,12206,1939.0,0.0,2104.0,0.0,0.0,295.0
1,3,20366,13930,11278,1354.0,0.0,1634.0,0.0,0.0,612.0
1,3,20366,10185,12266,1201.0,0.0,1311.0,0.0,0.0,190.0
1,3,20366,13930,10994,1226.0,0.0,1526.0,0.0,0.0,760.0
1,3,20366,10693,11618,637.0,0.0,958.0,0.0,0.0,748.0
1,3,20366,13930,12217,1822.0,0.0,2008.0,0.0,0.0,510.0
1,3,20366,10747,12266,1652.0,0.0,1804.0,0.0,0.0,308.0
1,3,19393,10140,10423,1200.0,1.0,1432.0,0.0,0.0,619.0
1,3,19393,10140,10821,852.0,1.0,1358.0,1.0,0.0,1670.0
1,3,19393,10140,11259,1111.0,0.0,1344.0,0.0,0.0,580.0
1,3,19393,10140,11259,1354.0,0.0,1626.0,0.0,0.0,580.0
1,3,19393,10140,11259,721.0,0.0,959.0,0.0,0.0,580.0
1,3,19393,10140,11259,1845.0,0.0,2127.0,0.0,0.0,580.0
1,3,19393,10140,11259,2027.0,0.0,2304.0,0.0,0.0,580.0
1,3,19393,10140,11292,750.0,0.0,919.0,0.0,0.0,349.0
1,3,19393,10140,11292,1715.0,0.0,1819.0,0.0,0.0,349.0
1,3,19393,10140,11292,1339.0,0.0,1449.0,0.0,0.0,349.0
1,3,19393,10140,12191,1553.0,0.0,1849.0,0.0,0.0,759.0
1,3,19393,10140,12191,528.0,0.0,830.0,0.0,0.0,759.0
1,3,19393,10140,12191,1310.0,1.0,1556.0,1.0,0.0,759.0
1,3,19393,10140,12889,1955.0,0.0,2025.0,0.0,0.0,486.0
1,3,19393,10140,12889,729.0,0.0,758.0,0.0,0.0,486.0
1,3,19393,10140,12889,1558.0,0.0,1628.0,0.0,0.0,486.0
1,3,19393,10140,12889,1017.0,0.0,1041.0,0.0,0.0,486.0
1,3,19393,10140,12892,1842.0,1.0,1941.0,1.0,0.0,677.0
1,3,19393,10140,12892,701.0,0.0,753.0,0.0,0.0,677.0
1,3,19393,10140,13198,1053.0,0.0,1335.0,0.0,0.0,718.0
1,3,19393,10140,13232,1505.0,0.0,1828.0,0.0,0.0,1121.0
1,3,19393,10140,13232,911.0,0.0,1251.0,0.0,0.0,1121.0
1,3,19393,10140,13796,800.0,1.0,919.0,1.0,0.0,889.0
1,3,19393,10140,13796,1843.0,0.0,2016.0,0.0,0.0,889.0
1,3,19393,10140,13796,1017.0,0.0,1140.0,0.0,0.0,889.0
1,3,19393,10140,14107,1756.0,0.0,1907.0,0.0,0.0,328.0
1,3,19393,10140,14107,1036.0,1.0,1145.0,0.0,0.0,328.0
1,3,19393,10140,14107,2037.0,0.0,2148.0,0.0,0.0,328.0
1,3,19393,10140,14107,1437.0,0.0,1549.0,0.0,0.0,328.0
1,3,19393,10140,14107,758.0,0.0,925.0,0.0,0.0,328.0
1,3,19393,10140,14679,1337.0,0.0,1418.0,0.0,0.0,628.0
1,3,19393,10140,14831,1235.0,0.0,1355.0,0.0,0.0,870.0
1,3,19393,10257,10821,1444.0,0.0,1557.0,0.0,0.0,289.0
1,3,19393,10257,10821,1010.0,0.0,1118.0,0.0,0.0,289.0
1,3,19393,10257,10821,1733.0,0.0,1838.0,0.0,0.0,289.0
1,3,19393,10257,10821,550.0,0.0,704.0,0.0,0.0,289.0
1,3,19393,10257,13204,1814.0,0.0,2107.0,0.0,0.0,1073.0
1,3,19393,10257,13204,650.0,0.0,939.0,0.0,0.0,1073.0
1,3,19393,10257,13232,620.0,0.0,725.0,0.0,0.0,717.0
1,3,19393,10257,13232,1255.0,1.0,1356.0,0.0,0.0,717.0
1,3,19393,10257,13232,1600.0,0.0,1711.0,0.0,0.0,717.0
1,3,19393,10257,15304,1327.0,1.0,1631.0,1.0,0.0,1130.0
1,3,19393,10279,11259,1632.0,0.0,1736.0,0.0,0.0,323.0
1,3,19393,10279,11259,1853.0,0.0,2003.0,0.0,0.0,323.0
1,3,19393,10279,11259,622.0,0.0,726.0,0.0,0.0,323.0
1,3,19393,10279,11259,1000.0,0.0,1103.0,0.0,0.0,323.0
1,3,19393,10279,12889,1737.0,0.0,1739.0,0.0,0.0,758.0
1,3,19393,10397,10423,1354.0,0.0,1521.0,0.0,0.0,813.0
1,3,19393,10397,10423,651.0,0.0,834.0,0.0,0.0,813.0
1,3,19393,10397,10423,1953.0,0.0,2121.0,0.0,0.0,813.0
1,3,19393,10397,10693,622.0,0.0,619.0,0.0,0.0,214.0
1,3,19393,10397,10693,1454.0,0.0,1454.0,0.0,0.0,214.0
1,3,19393,10397,10693,2146.0,0.0,2149.0,0.0,0.0,214.0
1,3,19393,10397,10693,1055.0,0.0,1055.0,0.0,0.0,214.0
1,3,19393,10397,10721,935.0,0.0,1142.0,0.0,0.0,946.0
1,3,19393,10397,10821,710.0,0.0,837.0,0.0,0.0,577.0
1,3,19393,10397,10821,2222.0,0.0,2357.0,0.0,0.0,577.0
1,3,19393,10397,10821,1930.0,0.0,2113.0,0.0,0.0,577.0
1,3,19393,10397,10821,910.0,0.0,1043.0,0.0,0.0,577.0
1,3,19393,10397,10821,1745.0,0.0,1921.0,0.0,0.0,577.0
1,3,19393,10397,10821,1320.0,0.0,1451.0,0.0,0.0,577.0
1,3,19393,10397,11042,1729.0,0.0,1900.0,0.0,0.0,554.0
1,3,19393,10397,11042,831.0,0.0,1008.0,0.0,0.0,554.0
1,3,19393,10397,11066,2329.0,1.0,45.0,1.0,0.0,447.0
1,3,19393,10397,11066,831.0,0.0,954.0,0.0,0.0,447.0
1,3,19393,10397,11066,1606.0,0.0,1726.0,0.0,0.0,447.0
1,3,19393,10397,11259,1319.0,0.0,1449.0,0.0,0.0,721.0
1,3,19393,10397,11259,654.0,0.0,831.0,1.0,0.0,721.0
1,3,19393,10397,11259,1056.0,1.0,1226.0,1.0,0.0,721.0
1,3,19393,10397,11259,1645.0,0.0,1807.0,0.0,0.0,721.0
1,3,19393,10397,11259,2003.0,0.0,2127.0,1.0,0.0,721.0
1,3,19393,10397,11278,658.0,0.0,823.0,0.0,0.0,547.0
1,3,19393,10397,11278,1047.0,0.0,1213.0,0.0,0.0,547.0
1,3,19393,10397,11278,2043.0,0.0,2212.0,0.0,0.0,547.0
1,3,19393,10397,11278,1516.0,0.0,1648.0,0.0,0.0,547.0
1,3,19393,10397,11292,1510.0,0.0,1641.0,0.0,0.0,1199.0
1,3,19393,10397,11292,1233.0,0.0,1356.0,1.0,0.0,1199.0
1,3,19393,10397,11292,1911.0,0.0,2046.0,0.0,0.0,1199.0
1,3,19393,10397,11697,643.0,0.0,828.0,0.0,0.0,581.0
1,3,19393,10397,11697,1316.0,0.0,1457.0,0.0,0.0,581.0
1,3,19393,10397,11697,1652.0,0.0,1830.0,0.0,0.0,581.0
1,3,19393,10397,11697,1110.0,1.0,1252.0,0.0,0.0,581.0
1,3,19393,10397,11996,1316.0,0.0,1405.0,0.0,0.0,153.0
1,3,19393,10397,11996,2144.0,0.0,2227.0,0.0,0.0,153.0
1,3,19393,10397,11996,1630.0,0.0,1714.0,0.0,0.0,153.0
1,3,19393,10397,12191,1448.0,0.0,1558.0,0.0,0.0,696.0
1,3,19393,10397,12191,2252.0,1.0,1.0,0.0,0.0,696.0
1,3,19393,10397,12191,613.0,0.0,738.0,0.0,0.0,696.0
1,3,19393,10397,12191,1733.0,1.0,1845.0,1.0,0.0,696.0
1,3,19393,10397,12191,922.0,0.0,1037.0,0.0,0.0,696.0
1,3,19393,10397,12191,1102.0,0.0,1224.0,0.0,0.0,696.0
1,3,19393,10397,12264,1623.0,0.0,1749.0,0.0,0.0,534.0
1,3,19393,10397,12339,2343.0,1.0,100.0,1.0,0.0,432.0
1,3,19393,10397,12339,848.0,0.0,1009.0,0.0,0.0,432.0
1,3,19393,10397,12339,1537.0,0.0,1659.0,0.0,0.0,432.0
1,3,19393,10397,12451,1343.0,0.0,1438.0,0.0,0.0,270.0
1,3,19393,10397,12451,1058.0,0.0,1156.0,0.0,0.0,270.0
1,3,19393,10397,12451,1957.0,0.0,2059.0,0.0,0.0,270.0
1,3,19393,10397,12889,840.0,0.0,1018.0,0.0,0.0,1747.0
1,3,19393,10397,12889,2044.0,0.0,2234.0,1.0,0.0,1747.0
1,3,19393,10397,12892,653.0,0.0,850.0,0.0,0.0,1947.0
1,3,19393,10397,12892,2006.0,0.0,2210.0,0.0,0.0,1947.0
1,3,19393,10397,12953,557.0,0.0,748.0,0.0,0.0,762.0
1,3,19393,10397,12953,2009.0,1.0,2204.0,1.0,0.0,762.0
1,3,19393,10397,12953,1535.0,0.0,1748.0,0.0,0.0,762.0
1,3,19393,10397,12953,1231.0,0.0,1433.0,0.0,0.0,762.0
1,3,19393,10397,12953,943.0,1.0,1138.0,1.0,0.0,762.0
1,3,19393,10397,13198,844.0,0.0,956.0,0.0,0.0,692.0
1,3,19393,10397,13198,2148.0,0.0,2255.0,0.0,0.0,692.0
1,3,19393,10397,13204,1855.0,0.0,2011.0,0.0,0.0,404.0
1,3,19393,10397,13204,958.0,0.0,1121.0,0.0,0.0,404.0
1,3,19393,10397,13204,1144.0,0.0,1303.0,0.0,0.0,404.0
1,3,19393,10397,13204,2021.0,0.0,2138.0,0.0,0.0,404.0
1,3,19393,10397,13204,1526.0,0.0,1646.0,0.0,0.0,404.0
1,3,19393,10397,13232,2020.0,1.0,2107.0,0.0,0.0,591.0
1,3,19393,10397,13232,2208.0,0.0,2246.0,0.0,0.0,591.0
1,3,19393,10397,13232,700.0,0.0,746.0,0.0,0.0,591.0
1,3,19393,10397,13232,1842.0,0.0,1930.0,0.0,0.0,591.0
1,3,19393,10397,13232,1626.0,0.0,1718.0,0.0,0.0,591.0
1,3,19393,10397,13232,953.0,0.0,1039.0,0.0,0.0,591.0
1,3,19393,10397,13342,832.0,0.0,931.0,0.0,0.0,669.0
1,3,19393,10397,13342,1543.0,0.0,1636.0,0.0,0.0,669.0
1,3,19393,10397,13495,1217.0,0.0,1250.0,0.0,0.0,425.0
1,3,19393,10397,13495,1723.0,0.0,1745.0,0.0,0.0,425.0
1,3,19393,10397,13495,656.0,0.0,730.0,0.0,0.0,425.0
1,3,19393,10397,13495,1955.0,0.0,2024.0,0.0,0.0,425.0
1,3,19393,10397,13796,1535.0,0.0,1810.0,0.0,0.0,2130.0
1,3,19393,10397,14027,1952.0,0.0,2129.0,0.0,0.0,545.0
1,3,19393,10397,14100,1632.0,0.0,1813.0,0.0,0.0,666.0
1,3,19393,10397,14100,835.0,0.0,1020.0,0.0,0.0,666.0
1,3,19393,10397,14107,1900.0,0.0,2127.0,1.0,0.0,1587.0
1,3,19393,10397,14107,1401.0,0.0,1635.0,1.0,0.0,1587.0
1,3,19393,10397,14107,618.0,0.0,853.0,1.0,0.0,1587.0
1,3,19393,10397,14122,839.0,0.0,1007.0,0.0,0.0,526.0
1,3,19393,10397,14122,2326.0,1.0,47.0,0.0,0.0,526.0
1,3,19393,10397,14122,1430.0,0.0,1559.0,0.0,0.0,526.0
1,3,19393,10397,14492,2154.0,0.0,2304.0,0.0,0.0,356.0
1,3,19393,10397,14492,1555.0,0.0,1719.0,0.0,0.0,356.0
1,3,19393,10397,14524,1046.0,0.0,1202.0,0.0,0.0,481.0
1,3,19393,10397,14524,2147.0,0.0,2303.0,0.0,0.0,481.0
1,3,19393,10397,14635,2036.0,0.0,2201.0,0.0,0.0,515.0
1,3,19393,10397,14635,952.0,0.0,1123.0,0.0,0.0,515.0
1,3,19393,10397,14679,1050.0,0.0,1244.0,0.0,0.0,1892.0
1,3,19393,10397,14683,1949.0,0.0,2133.0,0.0,0.0,874.0
1,3,19393,10397,14683,957.0,0.0,1138.0,0.0,0.0,874.0
1,3,19393,10397,15016,1529.0,0.0,1613.0,0.0,0.0,484.0
1,3,19393,10397,15016,1159.0,0.0,1231.0,0.0,0.0,484.0
1,3,19393,10397,15016,2148.0,0.0,2226.0,0.0,0.0,484.0
1,3,19393,10397,15016,902.0,0.0,945.0,0.0,0.0,484.0
1,3,19393,10397,15304,911.0,0.0,1025.0,0.0,0.0,406.0
1,3,19393,10397,15304,1341.0,0.0,1452.0,0.0,0.0,406.0
1,3,19393,10397,15304,706.0,1.0,820.0,1.0,0.0,406.0
1,3,19393,10397,15304,1051.0,0.0,1203.0,0.0,0.0,406.0
1,3,19393,10423,10140,915.0,0.0,1006.0,0.0,0.0,619.0
1,3,19393,10423,10397,1803.0,0.0,2049.0,0.0,0.0,813.0
1,3,19393,10423,10397,607.0,0.0,854.0,0.0,0.0,813.0
1,3,19393,10423,10397,1134.0,0.0,1421.0,0.0,0.0,813.0
1,3,19393,10423,10693,1847.0,0.0,2025.0,0.0,0.0,756.0
1,3,19393,10423,10693,657.0,0.0,835.0,0.0,0.0,756.0
1,3,19393,10423,10693,1419.0,0.0,1600.0,0.0,0.0,756.0
1,3,19393,10423,10721,947.0,0.0,1411.0,0.0,0.0,1698.0
1,3,19393,10423,10821,1635.0,0.0,2011.0,0.0,0.0,1342.0
1,3,19393,10423,10821,606.0,0.0,945.0,0.0,0.0,1342.0
1,3,19393,10423,10821,1256.0,0.0,1631.0,0.0,0.0,1342.0
1,3,19393,10423,11259,2033.0,0.0,2121.0,0.0,0.0,189.0
1,3,19393,10423,11259,2112.0,0.0,2155.0,0.0,0.0,189.0
1,3,19393,10423,11259,644.0,0.0,737.0,0.0,0.0,189.0
1,3,19393,10423,11259,1542.0,0.0,1638.0,0.0,0.0,189.0
1,3,19393,10423,11259,915.0,0.0,1005.0,0.0,0.0,189.0
1,3,19393,10423,11259,1233.0,0.0,1323.0,0.0,0.0,189.0
1,3,19393,10423,11259,1015.0,0.0,1104.0,0.0,0.0,189.0
1,3,19393,10423,11259,1940.0,0.0,2036.0,0.0,0.0,189.0
1,3,19393,10423,11259,1441.0,0.0,1533.0,0.0,0.0,189.0
1,3,19393,10423,11278,1235.0,0.0,1616.0,0.0,0.0,1315.0
1,3,19393,10423,11292,2014.0,0.0,2110.0,0.0,0.0,775.0
1,3,19393,10423,11292,2202.0,0.0,2253.0,0.0,0.0,775.0
1,3,19393,10423,11292,1114.0,0.0,1211.0,0.0,0.0,775.0
1,3,19393,10423,11292,1728.0,0.0,1831.0,0.0,0.0,775.0
1,3,19393,10423,11292,1454.0,0.0,1555.0,0.0,0.0,775.0
1,3,19393,10423,11540,755.0,0.0,833.0,0.0,0.0,528.0
1,3,19393,10423,11540,1823.0,0.0,1901.0,0.0,0.0,528.0
1,3,19393,10423,11540,2042.0,0.0,2123.0,0.0,0.0,528.0
1,3,19393,10423,11697,1107.0,1.0,1429.0,0.0,0.0,1105.0
1,3,19393,10423,12191,539.0,0.0,617.0,0.0,0.0,148.0
1,3,19393,10423,12191,1251.0,1.0,1335.0,1.0,0.0,148.0
1,3,19393,10423,12191,845.0,0.0,929.0,0.0,0.0,148.0
1,3,19393,10423,12191,1744.0,0.0,1839.0,0.0,0.0,148.0
1,3,19393,10423,12191,1550.0,0.0,1655.0,0.0,0.0,148.0
1,3,19393,10423,12206,1317.0,0.0,1428.0,0.0,0.0,273.0
1,3,19393,10423,12889,2010.0,0.0,2057.0,0.0,0.0,1090.0
1,3,19393,10423,12889,549.0,0.0,639.0,0.0,0.0,1090.0
1,3,19393,10423,12889,2216.0,0.0,2259.0,0.0,0.0,1090.0
1,3,19393,10423,12889,1744.0,0.0,1833.0,0.0,0.0,1090.0
1,3,19393,10423,12892,629.0,0.0,736.0,0.0,0.0,1242.0
1,3,19393,10423,12892,1950.0,1.0,2103.0,0.0,0.0,1242.0
1,3,19393,10423,12892,1352.0,0.0,1504.0,0.0,0.0,1242.0
1,3,19393,10423,12896,1351.0,0.0,1456.0,0.0,0.0,341.0
1,3,19393,10423,13198,1603.0,0.0,1738.0,0.0,0.0,650.0
1,3,19393,10423,13204,648.0,0.0,956.0,0.0,0.0,994.0
1,3,19393,10423,13204,1352.0,1.0,1700.0,0.0,0.0,994.0
1,3,19393,10423,13232,1117.0,0.0,1339.0,0.0,0.0,972.0
1,3,19393,10423,13232,1806.0,0.0,2032.0,0.0,0.0,972.0
1,3,19393,10423,13232,1553.0,0.0,1813.0,0.0,0.0,972.0
1,3,19393,10423,13232,539.0,0.0,752.0,0.0,0.0,972.0
1,3,19393,10423,13495,908.0,0.0,1014.0,0.0,0.0,444.0
1,3,19393,10423,13495,1512.0,1.0,1619.0,0.0,0.0,444.0
1,3,19393,10423,13495,2056.0,0.0,2202.0,0.0,0.0,444.0
1,3,19393,10423,13796,1205.0,0.0,1359.0,0.0,0.0,1497.0
1,3,19393,10423,14107,1608.0,0.0,1735.0,0.0,0.0,872.0
1,3,19393,10423,14107,727.0,0.0,859.0,0.0,0.0,872.0
1,3,19393,10423,14107,1818.0,0.0,1949.0,0.0,0.0,872.0
1,3,19393,10423,14107,1256.0,1.0,1425.0,1.0,0.0,872.0
1,3,19393,10423,14107,958.0,0.0,1127.0,0.0,0.0,872.0
1,3,19393,10423,14492,1254.0,0.0,1634.0,0.0,0.0,1162.0
1,3,19393,10423,14679,2122.0,0.0,2217.0,0.0,0.0,1164.0
1,3,19393,10423,14679,1504.0,0.0,1601.0,0.0,0.0,1164.0
1,3,19393,10423,14831,711.0,0.0,852.0,0.0,0.0,1476.0
1,3,19393,10423,14831,1837.0,0.0,2022.0,0.0,0.0,1476.0
1,3,19393,10423,14893,1906.0,0.0,2050.0,0.0,0.0,1481.0
1,3,19393,10423,15016,528.0,0.0,707.0,0.0,0.0,721.0
1,3,19393,10423,15016,1644.0,1.0,1822.0,0.0,0.0,721.0
1,3,19393,10423,15304,1708.0,0.0,2013.0,0.0,0.0,928.0
1,3,19393,10423,15304,909.0,0.0,1206.0,0.0,0.0,928.0
1,3,19393,10529,10821,616.0,1.0,719.0,0.0,0.0,283.0
1,3,19393,10529,10821,1336.0,0.0,1441.0,0.0,0.0,283.0
1,3,19393,10529,10821,917.0,0.0,1023.0,0.0,0.0,283.0
1,3,19393,10529,10821,2003.0,0.0,2105.0,0.0,0.0,283.0
1,3,19393,10529,11292,1753.0,1.0,2011.0,0.0,0.0,1671.0
1,3,19393,10529,11697,747.0,0.0,1106.0,0.0,0.0,1173.0
1,3,19393,10529,13204,1836.0,1.0,2115.0,1.0,0.0,1050.0
1,3,19393,10529,13204,610.0,0.0,900.0,0.0,0.0,1050.0
1,3,19393,10529,13204,1121.0,0.0,1415.0,0.0,0.0,1050.0
1,3,19393,10529,13232,1723.0,1.0,1839.0,0.0,0.0,777.0
1,3,19393,10529,13232,610.0,0.0,742.0,0.0,0.0,777.0
1,3,19393,10529,13232,1314.0,1.0,1428.0,0.0,0.0,777.0
1,3,19393,10529,14635,1534.0,0.0,1841.0,0.0,0.0,1180.0
1,3,19393,10529,15016,1104.0,0.0,1239.0,0.0,0.0,957.0
1,3,19393,10529,15304,1445.0,1.0,1742.0,0.0,0.0,1111.0
1,3,19393,10599,10821,700.0,0.0,944.0,0.0,0.0,682.0
1,3,19393,10599,11259,1328.0,1.0,1536.0,1.0,0.0,587.0
1,3,19393,10599,11259,825.0,0.0,1019.0,0.0,0.0,587.0
1,3,19393,10599,12191,1910.0,0.0,2108.0,0.0,0.0,570.0
1,3,19393,10599,12191,527.0,0.0,746.0,1.0,0.0,570.0
1,3,19393,10599,12889,1123.0,1.0,1346.0,1.0,0.0,1618.0
1,3,19393,10599,13204,811.0,0.0,1032.0,0.0,0.0,479.0
1,3,19393,10599,13204,1630.0,0.0,1850.0,0.0,0.0,479.0
1,3,19393,10599,13232,1100.0,0.0,1245.0,0.0,0.0,570.0
1,3,19393,10599,13232,1858.0,0.0,2039.0,0.0,0.0,570.0
1,3,19393,10599,15304,1022.0,0.0,1243.0,0.0,0.0,459.0
1,3,19393,10599,15304,1603.0,0.0,1820.0,0.0,0.0,459.0
1,3,19393,10693,10397,913.0,0.0,1109.0,0.0,0.0,214.0
1,3,19393,10693,10397,1943.0,0.0,2131.0,0.0,0.0,214.0
1,3,19393,10693,10397,1339.0,0.0,1533.0,0.0,0.0,214.0
1,3,19393,10693,10397,1747.0,0.0,1944.0,0.0,0.0,214.0
1,3,19393,10693,10423,1358.0,0.0,1629.0,0.0,0.0,756.0
1,3,19393,10693,10423,804.0,0.0,1027.0,0.0,0.0,756.0
1,3,19393,10693,10423,1930.0,0.0,2155.0,0.0,0.0,756.0
1,3,19393,10693,10721,1341.0,0.0,1657.0,0.0,0.0,942.0
1,3,19393,10693,10721,2135.0,0.0,44.0,0.0,0.0,942.0
1,3,19393,10693,10721,645.0,0.0,1012.0,0.0,0.0,942.0
1,3,19393,10693,10800,1442.0,0.0,1722.0,0.0,0.0,1791.0
1,3,19393,10693,10821,1844.0,0.0,2110.0,0.0,0.0,587.0
1,3,19393,10693,10821,608.0,0.0,832.0,0.0,0.0,587.0
1,3,19393,10693,10821,2138.0,0.0,17.0,0.0,0.0,587.0
1,3,19393,10693,10821,935.0,0.0,1200.0,0.0,0.0,587.0
1,3,19393,10693,10821,1216.0,0.0,1437.0,0.0,0.0,587.0
1,3,19393,10693,10821,1429.0,0.0,1653.0,0.0,0.0,587.0
1,3,19393,10693,10994,949.0,0.0,1158.0,0.0,0.0,439.0
1,3,19393,10693,11042,1922.0,0.0,2137.0,0.0,0.0,448.0
1,3,19393,10693,11042,1138.0,1.0,1358.0,1.0,0.0,448.0
1,3,19393,10693,11057,2226.0,0.0,24.0,0.0,0.0,328.0
1,3,19393,10693,11057,952.0,0.0,1156.0,0.0,0.0,328.0
1,3,19393,10693,11066,2140.0,0.0,2348.0,0.0,0.0,337.0
1,3,19393,10693,11066,826.0,0.0,1039.0,0.0,0.0,337.0
1,3,19393,10693,11259,2006.0,0.0,2214.0,0.0,0.0,623.0
1,3,19393,10693,11259,826.0,1.0,1017.0,1.0,0.0,623.0
1,3,19393,10693,11259,1808.0,0.0,2014.0,0.0,0.0,623.0
1,3,19393,10693,11259,1045.0,0.0,1257.0,0.0,0.0,623.0
1,3,19393,10693,11259,1242.0,0.0,1451.0,0.0,0.0,623.0
1,3,19393,10693,11278,718.0,0.0,940.0,0.0,0.0,562.0
1,3,19393,10693,11278,1541.0,0.0,1805.0,0.0,0.0,562.0
1,3,19393,10693,11278,2136.0,0.0,4.0,0.0,0.0,562.0
1,3,19393,10693,11278,1014.0,0.0,1240.0,0.0,0.0,562.0
1,3,19393,10693,11292,2033.0,0.0,2233.0,0.0,0.0,1014.0
1,3,19393,10693,11292,1509.0,1.0,1658.0,1.0,0.0,1014.0
1,3,19393,10693,11292,835.0,0.0,1024.0,0.0,0.0,1014.0
1,3,19393,10693,11292,631.0,0.0,820.0,0.0,0.0,1014.0
1,3,19393,10693,11292,1656.0,0.0,1845.0,0.0,0.0,1014.0
1,3,19393,10693,11433,2129.0,0.0,2358.0,0.0,0.0,456.0
1,3,19393,10693,11433,945.0,0.0,1210.0,0.0,0.0,456.0
1,3,19393,10693,11481,928.0,0.0,1037.0,0.0,0.0,401.0
1,3,19393,10693,11481,2030.0,0.0,2137.0,0.0,0.0,401.0
1,3,19393,10693,11697,604.0,0.0,911.0,0.0,0.0,793.0
1,3,19393,10693,11697,2131.0,1.0,24.0,0.0,0.0,793.0
1,3,19393,10693,11697,1803.0,0.0,2100.0,0.0,0.0,793.0
1,3,19393,10693,11697,1151.0,0.0,1458.0,0.0,0.0,793.0
1,3,19393,10693,12191,1101.0,0.0,1321.0,0.0,0.0,670.0
1,3,19393,10693,12191,1858.0,0.0,2113.0,0.0,0.0,670.0
1,3,19393,10693,12191,1626.0,0.0,1842.0,0.0,0.0,670.0
1,3,19393,10693,12451,2140.0,0.0,2355.0,0.0,0.0,483.0
1,3,19393,10693,12451,1534.0,0.0,1745.0,0.0,0.0,483.0
1,3,19393,10693,12451,757.0,0.0,1008.0,0.0,0.0,483.0
1,3,19393,10693,12889,1426.0,0.0,1641.0,0.0,0.0,1587.0
1,3,19393,10693,12889,1709.0,0.0,1918.0,0.0,0.0,1587.0
1,3,19393,10693,12889,649.0,0.0,847.0,0.0,0.0,1587.0
1,3,19393,10693,12889,1917.0,0.0,2120.0,0.0,0.0,1587.0
1,3,19393,10693,12892,719.0,0.0,945.0,0.0,0.0,1797.0
1,3,19393,10693,12892,1218.0,0.0,1454.0,0.0,0.0,1797.0
1,3,19393,10693,12892,1823.0,0.0,2102.0,0.0,0.0,1797.0
1,3,19393,10693,12953,1854.0,0.0,2144.0,0.0,0.0,764.0
1,3,19393,10693,12953,1319.0,0.0,1634.0,0.0,0.0,764.0
1,3,19393,10693,12953,945.0,0.0,1304.0,0.0,0.0,764.0
1,3,19393,10693,12953,549.0,0.0,851.0,0.0,0.0,764.0
1,3,19393,10693,13198,603.0,0.0,751.0,0.0,0.0,491.0
1,3,19393,10693,13198,2141.0,0.0,2328.0,0.0,0.0,491.0
1,3,19393,10693,13198,1709.0,0.0,1856.0,0.0,0.0,491.0
1,3,19393,10693,13204,2105.0,0.0,2334.0,0.0,0.0,616.0
1,3,19393,10693,13204,852.0,0.0,1128.0,0.0,0.0,616.0
1,3,19393,10693,13204,1249.0,0.0,1526.0,0.0,0.0,616.0
1,3,19393,10693,13204,533.0,0.0,809.0,0.0,0.0,616.0
1,3,19393,10693,13204,1714.0,0.0,1958.0,0.0,0.0,616.0
1,3,19393,10693,13232,1725.0,1.0,1843.0,0.0,0.0,395.0
1,3,19393,10693,13232,1157.0,0.0,1317.0,0.0,0.0,395.0
1,3,19393,10693,13232,615.0,0.0,735.0,0.0,0.0,395.0
1,3,19393,10693,13232,1926.0,0.0,2046.0,0.0,0.0,395.0
1,3,19393,10693,13232,1332.0,0.0,1453.0,0.0,0.0,395.0
1,3,19393,10693,13232,756.0,0.0,916.0,0.0,0.0,395.0
1,3,19393,10693,13342,2150.0,0.0,2312.0,0.0,0.0,475.0
1,3,19393,10693,13342,940.0,0.0,1102.0,0.0,0.0,475.0
1,3,19393,10693,13487,1949.0,0.0,2143.0,0.0,0.0,695.0
1,3,19393,10693,13487,905.0,0.0,1102.0,0.0,0.0,695.0
1,3,19393,10693,13495,805.0,1.0,934.0,0.0,0.0,471.0
1,3,19393,10693,13495,1427.0,0.0,1552.0,0.0,0.0,471.0
1,3,19393,10693,13495,1921.0,0.0,2049.0,0.0,0.0,471.0
1,3,19393,10693,13495,1017.0,0.0,1144.0,0.0,0.0,471.0
1,3,19393,10693,13796,806.0,0.0,1050.0,0.0,0.0,1959.0
1,3,19393,10693,14100,2135.0,0.0,10.0,0.0,0.0,675.0
1,3,19393,10693,14100,1437.0,0.0,1712.0,0.0,0.0,675.0
1,3,19393,10693,14100,815.0,0.0,1050.0,0.0,0.0,675.0
1,3,19393,10693,14107,610.0,0.0,905.0,0.0,0.0,1449.0
1,3,19393,10693,14107,838.0,0.0,1113.0,0.0,0.0,1449.0
1,3,19393,10693,14107,1708.0,0.0,2006.0,0.0,0.0,1449.0
1,3,19393,10693,14122,941.0,0.0,1158.0,0.0,0.0,462.0
1,3,19393,10693,14122,2141.0,0.0,2355.0,0.0,0.0,462.0
1,3,19393,10693,14193,1921.0,0.0,2032.0,0.0,0.0,391.0
1,3,19393,10693,14193,812.0,0.0,923.0,0.0,0.0,391.0
1,3,19393,10693,14492,810.0,0.0,1019.0,0.0,0.0,442.0
1,3,19393,10693,14492,1514.0,0.0,1723.0,0.0,0.0,442.0
1,3,19393,10693,14492,2215.0,1.0,49.0,1.0,0.0,442.0
1,3,19393,10693,14679,1756.0,0.0,2023.0,0.0,0.0,1751.0
1,3,19393,10693,14679,610.0,0.0,825.0,0.0,0.0,1751.0
1,3,19393,10693,14683,2000.0,0.0,2235.0,0.0,0.0,822.0
1,3,19393,10693,14683,732.0,0.0,1011.0,0.0,0.0,822.0
1,3,19393,10693,14831,1230.0,0.0,1526.0,0.0,0.0,1947.0
1,3,19393,10693,15016,1204.0,0.0,1303.0,0.0,0.0,272.0
1,3,19393,10693,15016,856.0,1.0,956.0,0.0,0.0,272.0
1,3,19393,10693,15016,1907.0,0.0,2011.0,0.0,0.0,272.0
1,3,19393,10693,15304,2138.0,1.0,26.0,1.0,0.0,612.0
1,3,19393,10693,15304,1425.0,0.0,1655.0,0.0,0.0,612.0
1,3,19393,10693,15304,729.0,0.0,1002.0,0.0,0.0,612.0
1,3,19393,10713,11292,708.0,0.0,840.0,0.0,0.0,649.0
1,3,19393,10713,11292,1441.0,0.0,1615.0,0.0,0.0,649.0
1,3,19393,10713,11884,757.0,0.0,802.0,0.0,0.0,287.0
1,3,19393,10713,11884,1958.0,1.0,2002.0,1.0,0.0,287.0
1,3,19393,10713,12889,1823.0,1.0,1858.0,1.0,0.0,519.0
1,3,19393,10713,12889,622.0,0.0,647.0,0.0,0.0,519.0
1,3,19393,10713,13796,1803.0,0.0,1837.0,0.0,0.0,512.0
1,3,19393,10713,13796,657.0,0.0,740.0,0.0,0.0,512.0
1,3,19393,10713,14107,1205.0,0.0,1348.0,0.0,0.0,735.0
1,3,19393,10713,14679,1342.0,0.0,1422.0,0.0,0.0,749.0
1,3,19393,10713,14831,1904.0,0.0,1936.0,0.0,0.0,523.0
1,3,19393,10713,14831,854.0,0.0,925.0,0.0,0.0,523.0
1,3,19393,10713,14893,1522.0,0.0,1601.0,1.0,0.0,437.0
1,3,19393,10721,10397,655.0,0.0,937.0,0.0,0.0,946.0
1,3,19393,10721,10423,1533.0,0.0,1916.0,0.0,0.0,1698.0
1,3,19393,10721,10693,1149.0,0.0,1325.0,0.0,0.0,942.0
1,3,19393,10721,10693,701.0,0.0,842.0,0.0,0.0,942.0
1,3,19393,10721,10693,1758.0,0.0,1935.0,0.0,0.0,942.0
1,3,19393,10721,10821,839.0,0.0,958.0,0.0,0.0,369.0
1,3,19393,10721,10821,2103.0,0.0,2219.0,0.0,0.0,369.0
1,3,19393,10721,10821,1955.0,0.0,2119.0,0.0,0.0,369.0
1,3,19393,10721,10821,735.0,1.0,903.0,0.0,0.0,369.0
1,3,19393,10721,10821,1320.0,0.0,1434.0,0.0,0.0,369.0
1,3,19393,10721,10821,1105.0,0.0,1219.0,0.0,0.0,369.0
1,3,19393,10721,10821,1705.0,0.0,1827.0,0.0,0.0,369.0
1,3,19393,10721,11259,1507.0,0.0,1831.0,0.0,0.0,1554.0
1,3,19393,10721,11292,559.0,0.0,813.0,0.0,0.0,1754.0
1,3,19393,10721,11292,1800.0,0.0,2042.0,0.0,0.0,1754.0
1,3,19393,10721,12191,1241.0,0.0,1621.0,0.0,0.0,1609.0
1,3,19393,10721,13198,1505.0,0.0,1720.0,0.0,0.0,1256.0
1,3,19393,10721,13232,1558.0,0.0,1725.0,0.0,0.0,861.0
1,3,19393,10721,13232,2230.0,0.0,2.0,0.0,0.0,861.0
1,3,19393,10721,13232,827.0,0.0,957.0,0.0,0.0,861.0
1,3,19393,10721,13232,1116.0,0.0,1246.0,0.0,0.0,861.0
1,3,19393,10721,13342,1657.0,0.0,1824.0,0.0,0.0,860.0
1,3,19393,10721,15016,716.0,0.0,910.0,0.0,0.0,1047.0
1,3,19393,10721,15016,1943.0,0.0,2144.0,0.0,0.0,1047.0
1,3,19393,10721,15016,1006.0,0.0,1205.0,0.0,0.0,1047.0
1,3,19393,10721,15016,1656.0,0.0,1850.0,0.0,0.0,1047.0
1,3,19393,10792,10821,1127.0,0.0,1242.0,0.0,0.0,281.0
1,3,19393,10792,10821,702.0,0.0,812.0,0.0,0.0,281.0
1,3,19393,10792,10821,1722.0,0.0,1822.0,0.0,0.0,281.0
1,3,19393,10792,10821,1319.0,0.0,1427.0,0.0,0.0,281.0
1,3,19393,10792,11292,927.0,0.0,1046.0,0.0,0.0,1359.0
1,3,19393,10792,11697,720.0,0.0,1021.0,0.0,0.0,1166.0
1,3,19393,10792,12889,1400.0,0.0,1552.0,0.0,0.0,1986.0
1,3,19393,10792,13204,620.0,0.0,906.0,0.0,0.0,1011.0
1,3,19393,10792,13204,1819.0,0.0,2042.0,0.0,0.0,1011.0
1,3,19393,10792,13204,1256.0,0.0,1535.0,0.0,0.0,1011.0
1,3,19393,10792,13232,1749.0,1.0,1820.0,0.0,0.0,468.0
1,3,19393,10792,13232,637.0,0.0,738.0,0.0,0.0,468.0
1,3,19393,10792,14107,1706.0,0.0,1939.0,0.0,0.0,1912.0
1,3,19393,10792,15304,740.0,0.0,1036.0,0.0,0.0,1053.0
1,3,19393,10800,10693,727.0,0.0,1304.0,0.0,0.0,1791.0
1,3,19393,10800,11259,1058.0,0.0,1558.0,0.0,0.0,1243.0
1,3,19393,10800,11292,1639.0,0.0,1951.0,0.0,0.0,850.0
1,3,19393,10800,11292,723.0,0.0,1042.0,0.0,0.0,850.0
1,3,19393,10800,11292,1322.0,0.0,1627.0,0.0,0.0,850.0
1,3,19393,10800,12191,1325.0,0.0,1847.0,0.0,0.0,1389.0
1,3,19393,10800,12889,1449.0,0.0,1559.0,0.0,0.0,223.0
1,3,19393,10800,12889,1745.0,0.0,1852.0,0.0,0.0,223.0
1,3,19393,10800,12889,1540.0,0.0,1644.0,0.0,0.0,223.0
1,3,19393,10800,12889,1122.0,0.0,1238.0,0.0,0.0,223.0
1,3,19393,10800,12889,1936.0,0.0,2032.0,0.0,0.0,223.0
1,3,19393,10800,12889,755.0,0.0,856.0,0.0,0.0,223.0
1,3,19393,10800,12889,2040.0,0.0,2134.0,0.0,0.0,223.0
1,3,19393,10800,12889,1329.0,0.0,1447.0,0.0,0.0,223.0
1,3,19393,10800,12889,926.0,0.0,1021.0,0.0,0.0,223.0
1,3,19393,10800,13232,1503.0,0.0,2043.0,0.0,0.0,1740.0
1,3,19393,10800,13796,1321.0,0.0,1452.0,1.0,0.0,325.0
1,3,19393,10800,13796,1647.0,0.0,1807.0,0.0,0.0,325.0
1,3,19393,10800,13796,1751.0,0.0,1911.0,0.0,0.0,325.0
1,3,19393,10800,13796,800.0,0.0,916.0,0.0,0.0,325.0
1,3,19393,10800,13796,1614.0,1.0,1734.0,1.0,0.0,325.0
1,3,19393,10800,13796,957.0,0.0,1113.0,0.0,0.0,325.0
1,3,19393,10800,13796,2035.0,0.0,2150.0,0.0,0.0,325.0
1,3,19393,10800,13796,857.0,0.0,1011.0,0.0,0.0,325.0
1,3,19393,10800,13796,1235.0,0.0,1406.0,1.0,0.0,325.0
1,3,19393,10800,13796,1835.0,0.0,1946.0,0.0,0.0,325.0
1,3,19393,10800,13796,2140.0,0.0,2256.0,0.0,0.0,325.0
1,3,19393,10800,13796,1938.0,0.0,2052.0,0.0,0.0,325.0
1,3,19393,10800,13796,1058.0,0.0,1209.0,0.0,0.0,325.0
1,3,19393,10800,14057,1135.0,0.0,1426.0,1.0,0.0,817.0
1,3,19393,10800,14107,1332.0,1.0,1557.0,1.0,0.0,369.0
1,3,19393,10800,14107,1612.0,0.0,1834.0,0.0,0.0,369.0
1,3,19393,10800,14107,708.0,0.0,935.0,0.0,0.0,369.0
1,3,19393,10800,14107,832.0,0.0,1054.0,0.0,0.0,369.0
1,3,19393,10800,14107,1117.0,0.0,1332.0,0.0,0.0,369.0
1,3,19393,10800,14107,2129.0,0.0,2352.0,0.0,0.0,369.0
1,3,19393,10800,14107,1917.0,0.0,2135.0,0.0,0.0,369.0
1,3,19393,10800,14771,1139.0,0.0,1322.0,1.0,0.0,326.0
1,3,19393,10800,14771,2129.0,0.0,2306.0,1.0,0.0,326.0
1,3,19393,10800,14771,1402.0,0.0,1533.0,0.0,0.0,326.0
1,3,19393,10800,14771,1726.0,0.0,1845.0,0.0,0.0,326.0
1,3,19393,10800,14771,2117.0,1.0,2231.0,1.0,0.0,326.0
1,3,19393,10800,14831,1539.0,0.0,1648.0,0.0,0.0,296.0
1,3,19393,10800,14831,2127.0,1.0,2234.0,1.0,0.0,296.0
1,3,19393,10800,14831,825.0,0.0,929.0,0.0,0.0,296.0
1,3,19393,10800,14831,1013.0,0.0,1119.0,0.0,0.0,296.0
1,3,19393,10800,14831,712.0,0.0,819.0,0.0,0.0,296.0
1,3,19393,10800,14831,2101.0,0.0,2208.0,0.0,0.0,296.0
1,3,19393,10800,14831,1141.0,0.0,1256.0,0.0,0.0,296.0
1,3,19393,10800,14831,1803.0,0.0,1911.0,0.0,0.0,296.0
1,3,19393,10800,14831,1855.0,0.0,2018.0,0.0,0.0,296.0
1,3,19393,10800,14831,1628.0,0.0,1738.0,0.0,0.0,296.0
1,3,19393,10800,14831,1332.0,1.0,1444.0,0.0,0.0,296.0
1,3,19393,10800,14831,923.0,0.0,1036.0,0.0,0.0,296.0
1,3,19393,10800,14869,1456.0,0.0,1741.0,0.0,0.0,574.0
1,3,19393,10800,14893,1101.0,0.0,1231.0,0.0,0.0,358.0
1,3,19393,10800,14893,1801.0,0.0,1918.0,0.0,0.0,358.0
1,3,19393,10800,14893,853.0,0.0,1034.0,0.0,0.0,358.0
1,3,19393,10800,14893,1232.0,0.0,1406.0,0.0,0.0,358.0
1,3,19393,10800,14893,1556.0,0.0,1713.0,0.0,0.0,358.0
1,3,19393,10800,14893,706.0,0.0,829.0,0.0,0.0,358.0
1,3,19393,10800,14893,2131.0,0.0,2257.0,0.0,0.0,358.0
1,3,19393,10800,14893,1650.0,0.0,1804.0,0.0,0.0,358.0
1,3,19393,10800,14893,1404.0,0.0,1525.0,0.0,0.0,358.0
1,3,19393,10800,14893,2036.0,0.0,2200.0,0.0,0.0,358.0
1,3,19393,10800,14893,1931.0,0.0,2053.0,0.0,0.0,358.0
1,3,19393,10821,10140,1027.0,0.0,1244.0,0.0,0.0,1670.0
1,3,19393,10821,10257,1928.0,0.0,2031.0,0.0,0.0,289.0
1,3,19393,10821,10257,1614.0,0.0,1724.0,0.0,0.0,289.0
1,3,19393,10821,10257,1106.0,1.0,1212.0,0.0,0.0,289.0
1,3,19393,10821,10257,2211.0,0.0,2321.0,0.0,0.0,289.0
1,3,19393,10821,10397,1617.0,1.0,1809.0,0.0,0.0,577.0
1,3,19393,10821,10397,2157.0,1.0,2350.0,0.0,0.0,577.0
1,3,19393,10821,10397,621.0,0.0,808.0,0.0,0.0,577.0
1,3,19393,10821,10397,1335.0,0.0,1528.0,0.0,0.0,577.0
1,3,19393,10821,10397,802.0,0.0,950.0,0.0,0.0,577.0
1,3,19393,10821,10423,1526.0,0.0,1827.0,1.0,0.0,1342.0
1,3,19393,10821,10423,2017.0,1.0,2310.0,1.0,0.0,1342.0
1,3,19393,10821,10529,1520.0,1.0,1619.0,0.0,0.0,283.0
1,3,19393,10821,10529,2140.0,0.0,2247.0,0.0,0.0,283.0
1,3,19393,10821,10529,1118.0,1.0,1219.0,1.0,0.0,283.0
1,3,19393,10821,10529,1258.0,1.0,1355.0,0.0,0.0,283.0
1,3,19393,10821,10599,1407.0,0.0,1516.0,0.0,0.0,682.0
1,3,19393,10821,10693,1159.0,0.0,1252.0,0.0,0.0,587.0
1,3,19393,10821,10693,904.0,0.0,959.0,0.0,0.0,587.0
1,3,19393,10821,10693,1900.0,0.0,1953.0,0.0,0.0,587.0
1,3,19393,10821,10693,1514.0,0.0,1614.0,0.0,0.0,587.0
1,3,19393,10821,10721,1350.0,0.0,1517.0,0.0,0.0,369.0
1,3,19393,10821,10721,2128.0,0.0,2241.0,0.0,0.0,369.0
1,3,19393,10821,10721,2010.0,0.0,2137.0,0.0,0.0,369.0
1,3,19393,10821,10721,1119.0,0.0,1232.0,0.0,0.0,369.0
1,3,19393,10821,10721,911.0,0.0,1020.0,0.0,0.0,369.0
1,3,19393,10821,10721,1742.0,0.0,1856.0,0.0,0.0,369.0
1,3,19393,10821,10721,1545.0,0.0,1710.0,0.0,0.0,369.0
1,3,19393,10821,10792,1622.0,0.0,1732.0,0.0,0.0,281.0
1,3,19393,10821,10792,2205.0,0.0,2308.0,0.0,0.0,281.0
1,3,19393,10821,10792,1100.0,0.0,1200.0,0.0,0.0,281.0
1,3,19393,10821,10994,2118.0,0.0,2249.0,0.0,0.0,472.0
1,3,19393,10821,10994,1437.0,0.0,1613.0,0.0,0.0,472.0
1,3,19393,10821,10994,910.0,0.0,1044.0,0.0,0.0,472.0
1,3,19393,10821,10994,1150.0,0.0,1322.0,0.0,0.0,472.0
1,3,19393,10821,11042,2142.0,0.0,2248.0,0.0,0.0,314.0
1,3,19393,10821,11042,1742.0,0.0,1852.0,0.0,0.0,314.0
1,3,19393,10821,11057,2134.0,0.0,2253.0,0.0,0.0,361.0
1,3,19393,10821,11057,934.0,0.0,1054.0,0.0,0.0,361.0
1,3,19393,10821,11057,1710.0,0.0,1835.0,0.0,0.0,361.0
1,3,19393,10821,11066,653.0,0.0,815.0,0.0,0.0,337.0
1,3,19393,10821,11066,2146.0,0.0,2251.0,0.0,0.0,337.0
1,3,19393,10821,11066,1139.0,0.0,1253.0,0.0,0.0,337.0
1,3,19393,10821,11066,1521.0,0.0,1632.0,0.0,0.0,337.0
1,3,19393,10821,11193,830.0,0.0,958.0,0.0,0.0,430.0
1,3,19393,10821,11193,1504.0,0.0,1638.0,0.0,0.0,430.0
1,3,19393,10821,11259,1940.0,0.0,2215.0,0.0,0.0,1209.0
1,3,19393,10821,11259,637.0,0.0,913.0,0.0,0.0,1209.0
1,3,19393,10821,11259,931.0,0.0,1200.0,0.0,0.0,1209.0
1,3,19393,10821,11259,1650.0,0.0,1919.0,0.0,0.0,1209.0
1,3,19393,10821,11292,820.0,1.0,1007.0,0.0,0.0,1491.0
1,3,19393,10821,11292,1550.0,0.0,1759.0,0.0,0.0,1491.0
1,3,19393,10821,11292,2040.0,0.0,2229.0,0.0,0.0,1491.0
1,3,19393,10821,11292,1750.0,0.0,1941.0,0.0,0.0,1491.0
1,3,19393,10821,11292,1220.0,0.0,1407.0,0.0,0.0,1491.0
1,3,19393,10821,11433,1330.0,0.0,1458.0,0.0,0.0,409.0
1,3,19393,10821,11433,821.0,0.0,943.0,0.0,0.0,409.0
1,3,19393,10821,11433,2205.0,0.0,2329.0,0.0,0.0,409.0
1,3,19393,10821,11697,1100.0,0.0,1325.0,0.0,0.0,925.0
1,3,19393,10821,11697,1532.0,0.0,1755.0,0.0,0.0,925.0
1,3,19393,10821,11697,1853.0,0.0,2119.0,0.0,0.0,925.0
1,3,19393,10821,11697,1340.0,0.0,1608.0,0.0,0.0,925.0
1,3,19393,10821,11697,2056.0,0.0,2319.0,0.0,0.0,925.0
1,3,19393,10821,11697,1724.0,0.0,1946.0,0.0,0.0,925.0
1,3,19393,10821,11697,1930.0,0.0,2151.0,0.0,0.0,925.0
1,3,19393,10821,11986,1513.0,0.0,1653.0,0.0,0.0,528.0
1,3,19393,10821,11996,1134.0,0.0,1253.0,0.0,0.0,426.0
1,3,19393,10821,12191,1839.0,0.0,2117.0,0.0,0.0,1246.0
1,3,19393,10821,12191,617.0,0.0,900.0,0.0,0.0,1246.0
1,3,19393,10821,12191,1412.0,1.0,1654.0,1.0,0.0,1246.0
1,3,19393,10821,12339,1639.0,0.0,1817.0,0.0,0.0,516.0
1,3,19393,10821,12339,807.0,0.0,946.0,0.0,0.0,516.0
1,3,19393,10821,12391,747.0,0.0,841.0,0.0,0.0,220.0
1,3,19393,10821,12391,1104.0,0.0,1200.0,0.0,0.0,220.0
1,3,19393,10821,12391,2139.0,0.0,2238.0,0.0,0.0,220.0
1,3,19393,10821,12391,1614.0,0.0,1713.0,0.0,0.0,220.0
1,3,19393,10821,12391,1315.0,0.0,1415.0,0.0,0.0,220.0
1,3,19393,10821,12451,1129.0,0.0,1327.0,0.0,0.0,663.0
1,3,19393,10821,12451,1955.0,0.0,2154.0,0.0,0.0,663.0
1,3,19393,10821,12451,825.0,0.0,1021.0,0.0,0.0,663.0
1,3,19393,10821,12889,1415.0,0.0,1615.0,0.0,0.0,2106.0
1,3,19393,10821,12889,2026.0,0.0,2231.0,0.0,0.0,2106.0
1,3,19393,10821,12889,1210.0,0.0,1411.0,0.0,0.0,2106.0
1,3,19393,10821,12889,627.0,0.0,833.0,0.0,0.0,2106.0
1,3,19393,10821,12892,723.0,0.0,950.0,0.0,0.0,2329.0
1,3,19393,10821,12892,1104.0,0.0,1342.0,0.0,0.0,2329.0
1,3,19393,10821,13198,1915.0,0.0,2058.0,0.0,0.0,967.0
1,3,19393,10821,13198,1051.0,0.0,1234.0,0.0,0.0,967.0
1,3,19393,10821,13204,1405.0,0.0,1622.0,0.0,0.0,787.0
1,3,19393,10821,13204,1637.0,0.0,1847.0,0.0,0.0,787.0
1,3,19393,10821,13204,627.0,0.0,843.0,0.0,0.0,787.0
1,3,19393,10821,13204,2156.0,0.0,15.0,0.0,0.0,787.0
1,3,19393,10821,13204,727.0,0.0,945.0,0.0,0.0,787.0
1,3,19393,10821,13204,941.0,0.0,1156.0,0.0,0.0,787.0
1,3,19393,10821,13204,1255.0,0.0,1511.0,0.0,0.0,787.0
1,3,19393,10821,13204,1920.0,0.0,2127.0,0.0,0.0,787.0
1,3,19393,10821,13232,627.0,0.0,720.0,0.0,0.0,611.0
1,3,19393,10821,13232,1525.0,1.0,1620.0,1.0,0.0,611.0
1,3,19393,10821,13232,2010.0,0.0,2108.0,0.0,0.0,611.0
1,3,19393,10821,13232,2133.0,0.0,2222.0,0.0,0.0,611.0
1,3,19393,10821,13232,1738.0,0.0,1830.0,0.0,0.0,611.0
1,3,19393,10821,13232,857.0,0.0,947.0,0.0,0.0,611.0
1,3,19393,10821,13244,854.0,0.0,1021.0,0.0,0.0,787.0
1,3,19393,10821,13296,1304.0,0.0,1414.0,0.0,0.0,377.0
1,3,19393,10821,13296,2208.0,1.0,2318.0,0.0,0.0,377.0
1,3,19393,10821,13296,1057.0,0.0,1214.0,0.0,0.0,377.0
1,3,19393,10821,13296,1850.0,0.0,2000.0,0.0,0.0,377.0
1,3,19393,10821,13342,853.0,0.0,957.0,0.0,0.0,641.0
1,3,19393,10821,13342,2122.0,0.0,2221.0,0.0,0.0,641.0
1,3,19393,10821,13342,1657.0,0.0,1808.0,0.0,0.0,641.0
1,3,19393,10821,13487,1920.0,0.0,2049.0,0.0,0.0,936.0
1,3,19393,10821,13487,832.0,0.0,1006.0,0.0,0.0,936.0
1,3,19393,10821,13495,1615.0,0.0,1822.0,0.0,0.0,998.0
1,3,19393,10821,13495,1032.0,0.0,1231.0,0.0,0.0,998.0
1,3,19393,10821,13495,654.0,0.0,854.0,0.0,0.0,998.0
1,3,19393,10821,13495,1942.0,0.0,2132.0,0.0,0.0,998.0
1,3,19393,10821,13796,1328.0,0.0,1615.0,0.0,0.0,2447.0
1,3,19393,10821,13851,1403.0,1.0,1614.0,1.0,0.0,1180.0
1,3,19393,10821,13931,1111.0,1.0,1151.0,1.0,0.0,159.0
1,3,19393,10821,13931,1516.0,0.0,1601.0,0.0,0.0,159.0
1,3,19393,10821,13931,1954.0,0.0,2039.0,0.0,0.0,159.0
1,3,19393,10821,13931,2153.0,0.0,2236.0,0.0,0.0,159.0
1,3,19393,10821,14027,2105.0,1.0,2321.0,0.0,0.0,883.0
1,3,19393,10821,14027,944.0,0.0,1206.0,0.0,0.0,883.0
1,3,19393,10821,14027,1436.0,0.0,1655.0,0.0,0.0,883.0
1,3,19393,10821,14107,615.0,0.0,905.0,0.0,0.0,1999.0
1,3,19393,10821,14107,1703.0,0.0,2017.0,0.0,0.0,1999.0
1,3,19393,10821,14107,937.0,0.0,1223.0,0.0,0.0,1999.0
1,3,19393,10821,14122,2155.0,0.0,2251.0,0.0,0.0,210.0
1,3,19393,10821,14122,1642.0,0.0,1740.0,0.0,0.0,210.0
1,3,19393,10821,14122,945.0,0.0,1041.0,0.0,0.0,210.0
1,3,19393,10821,14307,1658.0,0.0,1802.0,0.0,0.0,327.0
1,3,19393,10821,14307,729.0,0.0,840.0,0.0,0.0,327.0
1,3,19393,10821,14307,1848.0,0.0,1955.0,0.0,0.0,327.0
1,3,19393,10821,14307,2020.0,0.0,2126.0,0.0,0.0,327.0
1,3,19393,10821,14307,1115.0,0.0,1214.0,0.0,0.0,327.0
1,3,19393,10821,14321,2217.0,0.0,2333.0,0.0,0.0,452.0
1,3,19393,10821,14321,1445.0,0.0,1600.0,0.0,0.0,452.0
1,3,19393,10821,14492,1226.0,0.0,1327.0,0.0,0.0,255.0
1,3,19393,10821,14492,1755.0,0.0,1854.0,0.0,0.0,255.0
1,3,19393,10821,14492,1543.0,0.0,1658.0,0.0,0.0,255.0
1,3,19393,10821,14492,751.0,0.0,851.0,0.0,0.0,255.0
1,3,19393,10821,14492,2008.0,1.0,2111.0,1.0,0.0,255.0
1,3,19393,10821,14492,2104.0,0.0,2203.0,0.0,0.0,255.0
1,3,19393,10821,14576,1532.0,0.0,1638.0,0.0,0.0,277.0
1,3,19393,10821,14576,2205.0,0.0,2313.0,0.0,0.0,277.0
1,3,19393,10821,14576,1049.0,0.0,1151.0,0.0,0.0,277.0
1,3,19393,10821,14635,1953.0,1.0,2243.0,1.0,0.0,919.0
1,3,19393,10821,14635,801.0,0.0,1038.0,0.0,0.0,919.0
1,3,19393,10821,14635,1335.0,0.0,1608.0,0.0,0.0,919.0
1,3,19393,10821,14635,1543.0,0.0,1823.0,0.0,0.0,919.0
1,3,19393,10821,14679,1405.0,1.0,1630.0,0.0,0.0,2295.0
1,3,19393,10821,14679,639.0,1.0,858.0,0.0,0.0,2295.0
1,3,19393,10821,14679,2023.0,0.0,2256.0,0.0,0.0,2295.0
1,3,19393,10821,14683,1936.0,0.0,2259.0,1.0,0.0,1407.0
1,3,19393,10821,14683,847.0,0.0,1209.0,1.0,0.0,1407.0
1,3,19393,10821,14730,911.0,0.0,1056.0,0.0,0.0,495.0
1,3,19393,10821,14730,2133.0,0.0,2306.0,0.0,0.0,495.0
1,3,19393,10821,14747,1550.0,0.0,1828.0,0.0,0.0,2335.0
1,3,19393,10821,14831,1548.0,1.0,1837.0,0.0,0.0,2439.0
1,3,19393,10821,14843,1623.0,0.0,2107.0,0.0,0.0,1565.0
1,3,19393,10821,14843,853.0,1.0,1341.0,0.0,0.0,1565.0
1,3,19393,10821,14869,1416.0,1.0,1709.0,1.0,0.0,1865.0
1,3,19393,10821,15016,1753.0,0.0,1902.0,0.0,0.0,738.0
1,3,19393,10821,15016,1417.0,0.0,1529.0,0.0,0.0,738.0
1,3,19393,10821,15016,2027.0,0.0,2138.0,0.0,0.0,738.0
1,3,19393,10821,15304,1309.0,0.0,1531.0,0.0,0.0,842.0
1,3,19393,10821,15304,1926.0,0.0,2148.0,0.0,0.0,842.0
1,3,19393,10821,15304,1652.0,0.0,1913.0,0.0,0.0,842.0
1,3,19393,10821,15304,653.0,0.0,920.0,0.0,0.0,842.0
1,3,19393,10821,15304,928.0,0.0,1148.0,0.0,0.0,842.0
1,3,19393,10821,15304,1054.0,0.0,1323.0,0.0,0.0,842.0
1,3,19393,10821,15304,2059.0,0.0,2320.0,0.0,0.0,842.0
1,3,19393,10994,10693,1802.0,0.0,1833.0,0.0,0.0,439.0
1,3,19393,10994,10821,1921.0,1.0,2043.0,1.0,0.0,472.0
1,3,19393,10994,10821,705.0,0.0,825.0,0.0,0.0,472.0
1,3,19393,10994,10821,1254.0,0.0,1417.0,0.0,0.0,472.0
1,3,19393,10994,10821,1523.0,0.0,1638.0,0.0,0.0,472.0
1,3,19393,10994,11259,1125.0,0.0,1327.0,1.0,0.0,977.0
1,3,19393,10994,12191,1416.0,0.0,1603.0,0.0,0.0,928.0
1,3,19393,10994,13232,1649.0,0.0,1811.0,0.0,0.0,745.0
1,3,19393,10994,13232,534.0,0.0,643.0,0.0,0.0,745.0
1,3,19393,11042,10397,723.0,0.0,859.0,0.0,0.0,554.0
1,3,19393,11042,10397,1708.0,0.0,1905.0,0.0,0.0,554.0
1,3,19393,11042,10693,552.0,0.0,632.0,0.0,0.0,448.0
1,3,19393,11042,10693,1550.0,0.0,1613.0,0.0,0.0,448.0
1,3,19393,11042,10821,554.0,0.0,658.0,0.0,0.0,314.0
1,3,19393,11042,10821,1134.0,0.0,1232.0,0.0,0.0,314.0
1,3,19393,11042,11292,920.0,0.0,1023.0,0.0,0.0,1201.0
1,3,19393,11042,11292,1937.0,0.0,2042.0,0.0,0.0,1201.0
1,3,19393,11042,13232,939.0,0.0,945.0,0.0,0.0,307.0
1,3,19393,11042,13232,1432.0,1.0,1435.0,1.0,0.0,307.0
1,3,19393,11042,13232,1153.0,0.0,1200.0,0.0,0.0,307.0
1,3,19393,11042,13232,1930.0,0.0,1936.0,0.0,0.0,307.0
1,3,19393,11042,13232,643.0,0.0,649.0,0.0,0.0,307.0
1,3,19393,11042,13342,1855.0,0.0,1906.0,0.0,0.0,328.0
1,3,19393,11042,14107,1058.0,0.0,1305.0,0.0,0.0,1737.0
1,3,19393,11042,15016,1949.0,0.0,2025.0,0.0,0.0,487.0
1,3,19393,11042,15016,905.0,0.0,930.0,0.0,0.0,487.0
1,3,19393,11057,10693,630.0,0.0,709.0,0.0,0.0,328.0
1,3,19393,11057,10693,1809.0,0.0,1835.0,0.0,0.0,328.0
1,3,19393,11057,10821,546.0,0.0,713.0,0.0,0.0,361.0
1,3,19393,11057,10821,1923.0,0.0,2036.0,0.0,0.0,361.0
1,3,19393,11057,10821,1148.0,0.0,1307.0,0.0,0.0,361.0
1,3,19393,11057,11259,1309.0,0.0,1506.0,0.0,0.0,926.0
1,3,19393,11057,12191,1821.0,1.0,2018.0,1.0,0.0,920.0
1,3,19393,11057,13232,1338.0,0.0,1436.0,0.0,0.0,584.0
1,3,19393,11057,13232,649.0,0.0,747.0,0.0,0.0,584.0
1,3,19393,11057,13232,1701.0,0.0,1803.0,0.0,0.0,584.0
1,3,19393,11066,10397,1057.0,0.0,1226.0,0.0,0.0,447.0
1,3,19393,11066,10397,1634.0,0.0,1758.0,0.0,0.0,447.0
1,3,19393,11066,10397,700.0,0.0,829.0,0.0,0.0,447.0
1,3,19393,11066,10693,1807.0,0.0,1821.0,0.0,0.0,337.0
1,3,19393,11066,10821,2152.0,0.0,2301.0,0.0,0.0,337.0
1,3,19393,11066,10821,620.0,0.0,730.0,0.0,0.0,337.0
1,3,19393,11066,10821,926.0,0.0,1030.0,0.0,0.0,337.0
1,3,19393,11066,10821,1309.0,0.0,1415.0,0.0,0.0,337.0
1,3,19393,11066,11259,1909.0,0.0,2102.0,0.0,0.0,919.0
1,3,19393,11066,11278,905.0,0.0,1009.0,0.0,0.0,323.0
1,3,19393,11066,11278,1741.0,0.0,1843.0,0.0,0.0,323.0
1,3,19393,11066,11292,1433.0,0.0,1536.0,0.0,0.0,1154.0
1,3,19393,11066,11697,641.0,0.0,920.0,0.0,0.0,973.0
1,3,19393,11066,12191,1653.0,0.0,1904.0,0.0,0.0,1001.0
1,3,19393,11066,12889,653.0,0.0,806.0,0.0,0.0,1771.0
1,3,19393,11066,13204,1344.0,0.0,1541.0,0.0,0.0,802.0
1,3,19393,11066,13204,525.0,0.0,730.0,0.0,0.0,802.0
1,3,19393,11066,13204,1126.0,0.0,1326.0,0.0,0.0,802.0
1,3,19393,11066,13232,1502.0,0.0,1503.0,0.0,0.0,283.0
1,3,19393,11066,13232,551.0,0.0,557.0,0.0,0.0,283.0
1,3,19393,11066,13232,831.0,0.0,833.0,0.0,0.0,283.0
1,3,19393,11066,13232,1241.0,0.0,1241.0,0.0,0.0,283.0
1,3,19393,11066,13232,2053.0,0.0,2100.0,0.0,0.0,283.0
1,3,19393,11066,13796,1045.0,0.0,1255.0,0.0,0.0,2110.0
1,3,19393,11066,14107,1804.0,1.0,2006.0,0.0,0.0,1670.0
1,3,19393,11066,14635,940.0,0.0,1202.0,0.0,0.0,930.0
1,3,19393,11066,15016,917.0,0.0,932.0,0.0,0.0,409.0
1,3,19393,11066,15016,1950.0,0.0,2008.0,0.0,0.0,409.0
1,3,19393,11066,15304,2006.0,0.0,2213.0,0.0,0.0,829.0
1,3,19393,11140,12191,638.0,1.0,720.0,0.0,0.0,187.0
1,3,19393,11140,12191,1717.0,0.0,1803.0,0.0,0.0,187.0
1,3,19393,11140,12191,1337.0,0.0,1443.0,0.0,0.0,187.0
1,3,19393,11140,12191,1107.0,0.0,1147.0,0.0,0.0,187.0
1,3,19393,11193,10821,1721.0,0.0,1829.0,0.0,0.0,430.0
1,3,19393,11193,10821,654.0,0.0,826.0,0.0,0.0,430.0
1,3,19393,11193,11292,1629.0,0.0,1723.0,0.0,0.0,1069.0
1,3,19393,11193,13232,2041.0,0.0,2042.0,0.0,0.0,249.0
